terms,searches
Egypt,2878
chinese+painting,1958
ming,1886
christ,1460
Shunga,1412
malta,1326
coin,1215
Night+Thoughts,1162
Sutton+Hoo,1104
India,1083
ancient+egypt,1041
durer,964
ouazik,933
china,919
SL.5258,873
hokusai,862
Rosetta+stone,818
Mesopotamia,786
Erotic,679
Search+the+collection,663
elgin,657
japan,648
coins,629
parthenon,614
rembrandt,603
ornament+print,592
watercolour,564
amaravati,560
iran,558
drawings,542
Viking,528
greece,507
turkish,494
turk,473
stoney+waterloo,468
roman,465
jean%20georges%20wille,460
saenredam,454
pipe,453
Greek+vase,449
Byzantine,446
Van+Dyck,446
Sumerian,440
etruscan,435
sword,422
william+blake,411
eye,404
sculpture,403
124535,399
aztec,399
ottoman,398
map,395
naukratis,382
Assyrian,380
greek,376
Landscape+Drawings,375
seal,373
mummy,366
elgin+marbles,364
chess,360
Michelangelo,357
kuniyoshi,356
jobs,353
Egyptian,351
africa,349
chinese+porcelain,345
buddha,343
stela,341
Mary+Delany,339
Maya,338
jean+georges+wille,337
wierix,336
kangxi,332
Cleopatra,332
Palmyra,327
tsuzoku+suikoden,326
Benin,325
#NAME?,325
mosaic,319
NAPLES,317
Maori,316
sasanian,315
book+of+the+dead,311
STATUE,310
william+hilton,308
glass,307
Les%20Jeux%20et%20Plaisirs%20de%20l%27Enfance,305
mummies,304
Red+chalk,302
sex,301
shooting,300
papyrus+ani,299
pietro+monaco,297
goltzius,293
Chinese,292
birs+nimrud,291
Anglo-Saxon,286
tickets,284
coptic,279
greek+terracotta,275
